Image,Source,URL,Text,Complexity,Real/Fake,Sentiment1,Sentiment2,Political
protest-r-600x450.jpg,raziculacrimi.ro,https://raziculacrimi.ro/wp-content/uploads/2023/04/protest-r-600x450.jpg,"PROTESTELE DIN FRANTA
PROTESTELE DIN ROMANIA",Combination,Fake,Negative,Tristete,Yes
pensii-r-600x450.jpg,raziculacrimi.ro,https://raziculacrimi.ro/wp-content/uploads/2023/04/pensii-r-600x450.jpg,"cine e impotriva pensiilor  speciale
cine vrea sa protesteze impotriva pensiilor speciale",Combination,Fake,Negative,Tristete,Yes
apartament-r-600x450.jpg,raziculacrimi.ro,https://raziculacrimi.ro/wp-content/uploads/2023/04/apartament-r-600x450.jpg,"Închiriez apartament cu 2 camere, recent renovat, situat într-o zonă bună, utilat, etc. 
Preț: 1000 de euro pe lună, nu se negociază, rog seriozitate.",Simple,Real,Negative,Tristete,No
politica-r-600x450.jpg,raziculacrimi.ro,https://raziculacrimi.ro/wp-content/uploads/2023/03/politica-r-600x450.jpg,"Eu, uitându-mă pe ultimele sondaje politice din România:",Simple,Real,Negative,Manie,Yes
dorel-r-600x450.jpg,raziculacrimi.ro,https://raziculacrimi.ro/wp-content/uploads/2023/03/dorel-r-600x450.jpg,"Dorel electricianul : *Face o improvizație la sistemul electric* 
Eu, pe patul de ATI :",Simple,Real,Negative,Frica,No
preot-r-600x450.jpg,raziculacrimi.ro,https://raziculacrimi.ro/wp-content/uploads/2023/03/preot-r-600x450.jpg,"SPALATORIE DE PACATE  
SPALATORIE DE PACATE 
SPALATORIE DE PACATE CU AGHEASMA SUB PRESIUNE",Simple,DeepFake,Neutral,Surpriza,No
trafic-r-600x450.jpg,raziculacrimi.ro,https://raziculacrimi.ro/wp-content/uploads/2023/03/trafic-r-600x450.jpg,Când încerci să înțelegi logica șoferilor care claxonează deși semaforul este roșu,Combination,Fake,Negative,Manie,No
misto-r-600x450.jpg,raziculacrimi.ro,https://raziculacrimi.ro/wp-content/uploads/2023/03/misto-r-600x450.jpg,EU EXPLICANDU-LE ROMANILOR CA NU E OK SA FACA MISTO CAND ESTE UN SUBIECT SERIOS,Simple,Real,Negative,Manie,No
post-r-600x450,raziculacrimi.ro,https://raziculacrimi.ro/wp-content/uploads/2023/03/post-r-600x450.jpg,"de post 
vegan",Combination,Fake,Neutral,Manie,No
bani-r-600x450.jpg,raziculacrimi.ro,https://raziculacrimi.ro/wp-content/uploads/2023/02/bani-r-600x450.jpg,"5 lei în copilărie 
50 de lei în adolescență 
2000 de lei în viața de adult",Combination,Fake,Negative,Tristete,No
furt-r-600x450.jpg,raziculacrimi.ro,https://raziculacrimi.ro/wp-content/uploads/2023/02/furt-r-600x450.jpg,"Amator ,,Banii sau viața! 
Profesionist ,,Semnează aici pentru încheierea acordului de vasalitate",Combination,Real,Negative,Tristete,No
daea-r-600x450.jpg,raziculacrimi.ro,https://raziculacrimi.ro/wp-content/uploads/2023/01/daea-r-600x450.jpg,Aicea merge niște porumb,Simple,Fake,Negative,Surpriza,Yes
politician-r-600x450.jpg,raziculacrimi.ro,https://raziculacrimi.ro/wp-content/uploads/2023/01/politician-r-600x450.jpg,"UBB: -Ai plagiat 
Politician român",Simple,Fake,Negative,Frica,Yes
ronaldo-r-600x450.jpg,raziculacrimi.ro,https://raziculacrimi.ro/wp-content/uploads/2023/01/ronaldo-r-600x450.jpg,"LIDL 
RONALDO 
7",Simple,DeepFake,Neutral,Surpriza,No
tree-r-600x450.jpg,raziculacrimi.ro,https://raziculacrimi.ro/wp-content/uploads/2023/01/tree-r-600x450.jpg,După atâția ani de matematica am găsit radacina pătrată,Simple,Real,Positive,Bucurie,No
schengen-r-600x450.jpg,raziculacrimi.ro,https://raziculacrimi.ro/wp-content/uploads/2022/12/schengen-r-600x450.jpg,LE-AM SPUS APOI CA NU VOM MAI EXTINDE SCHENGEN PANA NU SECURIZAM GRANITELE,Simple,Real,Negative,Manie,Yes
apa-calda-r-600x450.jpg,raziculacrimi.ro,https://raziculacrimi.ro/wp-content/uploads/2022/11/apa-calda-r-600x450.jpg,Așteptând să vină apa caldă,Simple,Fake,Negative,Tristete,Yes
sarma-r-600x450.jpg,raziculacrimi.ro,https://raziculacrimi.ro/wp-content/uploads/2022/11/sarma-r-600x450.jpg,"Big Mac 
Sarmale",Combination,Real,Positive,Bucurie,No
poze-haioase-imagini-amuzante-sugubat-greu-de-ucis-7188.jpg,https://www.sugubat.ro/,https://www.sugubat.ro/uploads/2022/09/poze-haioase-imagini-amuzante-sugubat-greu-de-ucis-7188.jpg,"69 
Greu de ucis",Simple,Fake,Neutral,Frica,Yes
poze-haioase-imagini-amuzante-sugubat-cine-nu-iubeste-simplitatea-de-la-apple-4895.jpg,https://www.sugubat.ro/,https://www.sugubat.ro/uploads/2016/11/poze-haioase-imagini-amuzante-sugubat-cine-nu-iubeste-simplitatea-de-la-apple-4895.jpg,CINE NU IUBESTE SIMPLITATEA DE LA APPLE?,Simple,Real,Negative,Manie,No
poze-haioase-imagini-amuzante-sugubat-dovada-ca-matematica-e-folositoare-4867.jpg,https://www.sugubat.ro/,https://www.sugubat.ro/uploads/2016/11/poze-haioase-imagini-amuzante-sugubat-dovada-ca-matematica-e-folositoare-4867.jpg,Pentru cine a zis ca matematica nu e folositoare,Simple,Real,Neutral,Bucurie,No
poze-haioase-imagini-amuzante-sugubat-singurul-moment-cand-politia-ajunge-prima-la-locul-accidentului-4851.jpg,https://www.sugubat.ro/,https://www.sugubat.ro/uploads/2016/11/poze-haioase-imagini-amuzante-sugubat-singurul-moment-cand-politia-ajunge-prima-la-locul-accidentului-4851.jpg,"SĂ VEZI CE O SĂ SE BUCURE ȘEFU' 
CĂ AM AJUNS PRIMII LA LOCUL ACCIDENTULUI",Simple,Real,Negative,Manie,No
poze-haioase-imagini-amuzante-sugubat-cum-merg-angajarile-in-politica-6956.jpg,https://www.sugubat.ro/,https://www.sugubat.ro/uploads/2021/02/poze-haioase-imagini-amuzante-sugubat-cum-merg-angajarile-in-politica-6956.jpg,"Știi să furi? 
Da 
Ești angajat! 
Guvernu României",Combination,Fake,Negative,Manie,Yes
poze-haioase-imagini-amuzante-sugubat-un-sfat-mare-de-la-un-maestru-7140.jpg,https://www.sugubat.ro/,https://www.sugubat.ro/uploads/2022/03/poze-haioase-imagini-amuzante-sugubat-un-sfat-mare-de-la-un-maestru-7140.jpg,"Maestre, da-mi un sfat bun pentru zilele noastre 
Oriunde te-ai duce, 
nu uita incarcatorul",Simple,Real,Positive,Surpriza,No
poze-haioase-imagini-amuzante-sugubat-ai-tai-dupa-ce-te-intorci-la-scoala-5857.jpg,https://www.sugubat.ro/,https://www.sugubat.ro/uploads/2017/09/poze-haioase-imagini-amuzante-sugubat-ai-tai-dupa-ce-te-intorci-la-scoala-5857.jpg,AI TĂI DUPĂ CE TE ÎNTORCI LA ȘCOLALĂ,Simple,Real,Positive,Bucurie,No
poze-haioase-imagini-amuzante-sugubat-cand-esti-intrebat-daca-ai-experienta-in-rol-de-conducere-4965.jpg,https://www.sugubat.ro/,https://www.sugubat.ro/uploads/2016/11/poze-haioase-imagini-amuzante-sugubat-cand-esti-intrebat-daca-ai-experienta-in-rol-de-conducere-4965.jpg,"Intervievatorul: Ai vreo experiență în rol de conducere? 
Eu: Păi, sunt adminul unui grup de Whatsapp.",Simple,Real,Neutral,Surpriza,No
poze-haioase-imagini-amuzante-sugubat-cum-numara-un-inginer-oile-cand-vrea-sa-adoarma-4913.jpg,https://www.sugubat.ro/,https://www.sugubat.ro/uploads/2016/11/poze-haioase-imagini-amuzante-sugubat-cum-numara-un-inginer-oile-cand-vrea-sa-adoarma-4913.jpg,CUM NUMĂRĂ UN INGINER OILE CÂND VREA SĂ ADOARMĂ,Simple,Fake,Negative,Tristete,No
poze-haioase-imagini-amuzante-sugubat-tu-vs-bac-fara-scapare-5672.jpg,https://www.sugubat.ro/,https://www.sugubat.ro/uploads/2017/06/poze-haioase-imagini-amuzante-sugubat-tu-vs-bac-fara-scapare-5672.jpg,"Baccalaureate
TU",Simple,Real,Negative,Frica,No
poze-haioase-imagini-amuzante-sugubat-rasismul-printr-o-poza-7132.jpg,https://www.sugubat.ro/,https://www.sugubat.ro/uploads/2022/03/poze-haioase-imagini-amuzante-sugubat-rasismul-printr-o-poza-7132.jpg,Rasismul explcat idioților,Combination,Real,Negative,Manie,No
poze-haioase-imagini-amuzante-sugubat-sa-nu-uitam-de-cei-mici-7152.jpg,https://www.sugubat.ro/,https://www.sugubat.ro/uploads/2022/06/poze-haioase-imagini-amuzante-sugubat-sa-nu-uitam-de-cei-mici-7152.jpg,"DE 1 IUNIE 
SĂ NU UITĂM DE CEI MICI",Simple,Real,Positive,Bucurie,No
poze-haioase-imagini-amuzante-sugubat-poate-a-trecut-prin-vaslui-6604.jpg,https://www.sugubat.ro/,https://www.sugubat.ro/uploads/2020/02/poze-haioase-imagini-amuzante-sugubat-poate-a-trecut-prin-vaslui-6604.jpg,"007 
0,7",Combination,Real,Negative,Surpriza,No
poze-haioase-imagini-amuzante-sugubat-viorica-dancila-la-cumparaturi-6301.jpg,https://www.sugubat.ro/,https://www.sugubat.ro/uploads/2019/07/poze-haioase-imagini-amuzante-sugubat-viorica-dancila-la-cumparaturi-6301.jpg,"AVEȚI COVRIGEI LA 1 LEU? 
DA! 
CÂT COSTĂ?",Combination,DeepFake,Negative,Surpriza,Yes
poze-haioase-imagini-amuzante-sugubat-sunt-la-dieta-cu-morcovi-7190.jpg,https://www.sugubat.ro/,https://www.sugubat.ro/uploads/2022/09/poze-haioase-imagini-amuzante-sugubat-sunt-la-dieta-cu-morcovi-7190.jpg,"Sunt pe dieta! 
Mănânc doar morcovi",Simple,Real,Negative,Surpriza,No
poze-haioase-imagini-amuzante-sugubat-acolo-este-oltenia-7148.jpg,https://www.sugubat.ro/,https://www.sugubat.ro/uploads/2022/03/poze-haioase-imagini-amuzante-sugubat-acolo-este-oltenia-7148.jpg,"UNDE SE AFLA FRANTA? 
AICI 
UNDE SE AFLA BRAZILIA?
AICI 
UNDE SE AFLA Oltenia? 
AICI",Combination,Real,Positive,Dragoste,No
poze-haioase-imagini-amuzante-sugubat-mai-face-cineva-temele-fara-internet-scoala-7065.jpg,https://www.sugubat.ro/,https://www.sugubat.ro/uploads/2021/11/poze-haioase-imagini-amuzante-sugubat-mai-face-cineva-temele-fara-internet-scoala-7065.jpg,Următorul task este să îți faci temele fără acces la internet,Simple,Real,Negative,Frica,No
poze-haioase-imagini-amuzante-sugubat-cand-un-arici-se-intalneste-cu-peria-de-par-5646.jpg,https://www.sugubat.ro/,https://www.sugubat.ro/uploads/2017/04/poze-haioase-imagini-amuzante-sugubat-cand-un-arici-se-intalneste-cu-peria-de-par-5646.jpg,FRATE?,Simple,Real,Neutral,Surpriza,No
2022-2024.JPG,https://www.reddit.com/r/romemes/,https://www.reddit.com/media?url=https%3A%2F%2Fpreview.redd.it%2Fyojk3lx5cuzc1.jpeg%3Fauto%3Dwebp%26s%3D8efcf1a73db8dc6f20aa2e5db68521fb360519ef,"2022 
2024",Combination,Real,Negative,Manie,No
Ce_folosesc_pentru_dus.jpg,https://www.reddit.com/r/romemes/,https://www.reddit.com/media?url=https%3A%2F%2Fpreview.redd.it%2Fnici-nu-se-compara-v0-oosz515awfzc1.jpeg%3Fauto%3Dwebp%26s%3D08d6f5b8e06871c8244950544946f6ad451261a6,"Ce folosesc pentru a face duș:
 Femeile:
 Bărbații:
 BALSAM
 Mămăligă cu brânză de capră",Combination,Real,Neutral,Surpriza,No
Bihorenii_in_priul_rand.JPG,https://www.reddit.com/r/romemes/,https://www.reddit.com/media?url=https%3A%2F%2Fpreview.redd.it%2Fam-avut-si-limba-romana-v0-vwdzhf9nzyzc1.jpeg%3Fwidth%3D1080%26crop%3Dsmart%26auto%3Dwebp%26s%3D66d691c05b90e0fd74d65dcf2a4e924f5aba5fbb,"Bihorenii în priul rând. 
Pentru Consiliul Județean Bihor",Simple,Real,Negative,Tristete,Yes
uefa.jpg,https://www.reddit.com/r/romemes/,https://www.reddit.com/media?url=https%3A%2F%2Fpreview.redd.it%2Fficus-ganditor-v0-a0mmcng2ui7d1.jpeg%3Fwidth%3D640%26crop%3Dsmart%26auto%3Dwebp%26s%3D781adeb241d9d66214e39bc5749cecffc76b29a9,Cine o fi șef la UEFA?,Simple,Real,Negative,Surpriza,Yes
O_eugenie.JPG,https://www.reddit.com/r/romemes/,https://www.reddit.com/media?url=https%3A%2F%2Fpreview.redd.it%2Fspaima-vanzatoarei-de-la-chio%25C8%2599c-v0-ivae4pf6770d1.jpeg%3Fauto%3Dwebp%26s%3Dd397d114c16b82a5a3b3e1d200f9bf0d28ff59e0,"500 LEI 
One eugenia biscuit",Combination,Fake,Negative,Manie,No
Selly_la-summit-ul_NATO.JPG,https://www.reddit.com/r/romemes/,https://www.reddit.com/media?url=https%3A%2F%2Fpreview.redd.it%2Fcei-din-nato-nu-%25C8%2599tiu-despre-armata-de-influenceri-a-lui-v0-v7fl6cax1f0d1.jpeg%3Fauto%3Dwebp%26s%3Db24c5d761ab14991356d33488e4ff63d030e4ef3,SELLY LA SUMMIT-UL NATO,Simple,DeepFake,Neutral,Surpriza,Yes
Intoarcerea_la_serviciu.JPG,https://www.reddit.com/r/romemes/,https://www.reddit.com/media?url=https%3A%2F%2Fpreview.redd.it%2Fcopii-ma-costa-100-milioane-lunar-v0-1rwoa3iaas0d1.jpeg%3Fauto%3Dwebp%26s%3De652618b5734e51efac3253bc412ddbec544190f,"Intoarcerea la serviciu dupa un weekend prelungit 
Angajatii fara copii 
Oof, iar locul ăsta! 
Angajatii cu copii mici 
Bună ziua, muncăăăă! Uhuu!!!!",Combination,Fake,Neutral,Bucurie,No
Prima_intalnire.JPG,https://www.reddit.com/r/romemes/,https://www.reddit.com/media?url=https%3A%2F%2Fpreview.redd.it%2Firina-si-iubi-ei-v0-zme65nfphl0d1.png%3Fauto%3Dwebp%26s%3D45f3112483a60bf6929605df1f608c6253e1b168,Prima mea intalnre cu Irina eram la ea la poartă si ieșise măsa-mare  s-o strige că i a făcut urzici cu niște ouă ochi,Simple,Real,Neutral,Surpriza,No
Buzunarul_stang_buzunarul_drept.JPG,https://www.reddit.com/r/romemes/,https://www.reddit.com/media?url=https%3A%2F%2Fpreview.redd.it%2Fasa-este-v0-jof5efwzwg5d1.png%3Fauto%3Dwebp%26s%3D8e5edd9c99a783d6d2f4e0140b5990265d16683a,"Buzunarul stang 
Buzunarul drept",Combination,Real,Neutral,Surpriza,No
Eu_cu_salariul.JPG,https://www.reddit.com/r/romemes/,https://www.reddit.com/media?url=https%3A%2F%2Fpreview.redd.it%2Fieup0jgz9c5d1.jpeg%3Fauto%3Dwebp%26s%3D81772f44a9a59f8b41f224bae3a05e2c69cc0e97,Eu cu salariul in mana incercand sa imi aduc aminte cand a lucrat guvernul jumatate din turele mele,Simple,Real,Negative,Manie,Yes
clotilde_si_sosoaca.jpg,https://www.reddit.com/r/romemes/,https://www.reddit.com/media?url=https%3A%2F%2Fpreview.redd.it%2Fazi-la-coldplay-se-asculta-tzighy-am-pucheala-v0-cb58vrd8mb6d1.jpg%3Fwidth%3D482%26format%3Dpjpg%26auto%3Dwebp%26s%3Dc9ae87e171c69f482e9bce497197a003b89d2487,"Clotilde e o Șoșoacă pentru bula educată 
CHANGE MY MIND",Simple,DeepFake,Negative,Manie,Yes
Nota_informativa.JPG,https://www.reddit.com/r/romemes/,https://www.reddit.com/media?url=https%3A%2F%2Fpreview.redd.it%2Fdatvyhpjui4d1.jpeg%3Fauto%3Dwebp%26s%3Dbc7ea693a25c381e47dabe7a99890486dd0c6cc1,Securist încercând să-nțeleagă nota informativă a lui Nicușor Dan,Simple,Real,Neutral,Surpriza,Yes
borduri_si_palmieri.jpg,https://www.reddit.com/r/romemes/,https://www.reddit.com/media?url=https%3A%2F%2Fi.redd.it%2Fio2x7aupel5d1.jpeg,INCA 4 ANI CU BORDURI SI PALMIERI IN S3,Simple,Real,Negative,Manie,Yes
Amintiri_din_copilarie.JPG,https://www.reddit.com/r/romemes/,https://www.reddit.com/media?url=https%3A%2F%2Fpreview.redd.it%2Flectura-adev%25C4%2583rat%25C4%2583-v0-vjtk9d947t4d1.png%3Fwidth%3D1080%26crop%3Dsmart%26auto%3Dwebp%26s%3D672cb4ba9b473e8399cf75c8be4c0ff4770b0746,"BIBLIOTECA PENTRU TOȚI COPIII
AMINTIRI DIN COPILĂRIE 
Ion Creangă",Simple,DeepFake,Positive,Bucurie,No
Sifoane.JPG,https://www.reddit.com/r/romemes/,https://www.reddit.com/media?url=https%3A%2F%2Fpreview.redd.it%2Fqis51o824w4d1.jpeg%3Fauto%3Dwebp%26s%3D13a44f1e30b5d5f4925d734208a7f5f300c10f80,SIFOANE,Simple,DeepFake,Negative,Manie,Yes
Matematica.JPG,https://www.reddit.com/r/romemes/,https://www.reddit.com/media?url=https%3A%2F%2Fpreview.redd.it%2F2k0siirzkp4d1.jpeg%3Fauto%3Dwebp%26s%3D995263de6c680551c9fb3993a7e22d0269a696cc,"Vanzatoarea : 
- Sunt 62 de lei. 
-Am 100. 
-Da-mi 12 sa-ti dau 50, sau 2 sa-ti dau 40. 
Eu :",Simple,Fake,Negative,Surpriza,No
Copac_in_Sibiu.JPG,https://www.reddit.com/r/romemes/,https://www.reddit.com/media?url=https%3A%2F%2Fpreview.redd.it%2Fc%25C3%25A2nd-tai-un-copac-%25C3%25AEn-sibiu-v0-rtrlrh7m7t4d1.jpeg%3Fwidth%3D1080%26crop%3Dsmart%26auto%3Dwebp%26s%3Db5aed206dfbb76720cebde88f6d8b7e0281865bd,Cand tai un copac in Sibiu,Simple,DeepFake,Positive,Surpriza,No
Dupa_alegeri.JPG,https://www.reddit.com/r/romemes/,https://www.reddit.com/media?url=https%3A%2F%2Fpreview.redd.it%2Falegerile-in-2024-v0-dnq72u7kg53d1.jpeg%3Fauto%3Dwebp%26s%3D6814c6b1f25b222aeedcd5aec84e10e8868da0a8,DUPĂ ALEGERI DEVIN VEGETARIAN,Simple,Real,Negative,Manie,Yes
Bannere_publicitare_alegeri.JPG,https://www.instagram.com/juni.ro/?hl=en,https://www.instagram.com/p/C7ZC42jt-Pr/?hl=en,"firmele care fac bannere publicitare, în perioada alegerilor 
stonks",Simple,Fake,Neutral,Bucurie,No
Cea_mai _mare_minciuna.JPG,https://www.instagram.com/juni.ro/?hl=en,https://www.instagram.com/p/C7ZClQMNfj-/?hl=en,"Cea mai mare minciuna: 
https://forms.gle/wzqNoy3e9hpA9fdk8 
Lucrade de Licență 
Lucrade de Licență 
Dureaza 5 min",Simple,Real,Negative,Tristete,No
Saru_mana.JPG,https://www.instagram.com/juni.ro/?hl=en,https://www.instagram.com/p/C7ZCKuit_Ot/?hl=en,MI-A ZIS UN COPIL SARU' MANA,Simple,Real,Negative,Tristete,No
Praf_saharian.JPG,https://www.instagram.com/juni.ro/?hl=en,https://www.instagram.com/p/C6LsOqUtHl1/?hl=en,"Mihai, tu mi-ai pus praf saharian pe Logan?!",Simple,Real,Negative,Surpriza,No
Cand_esti_cu_naveta.JPG,https://www.instagram.com/juni.ro/?hl=en,https://www.instagram.com/p/C340stzNgVF/?hl=en,"Când ești cu naveta și aștepți să termine profesoara de vorbit la începutul ultimei ore, ca să ceri voie să pleci că îți pornește autobuzul imediat",Simple,Real,Neutral,Frica,No
Incalzirea_globala.JPG,https://www.instagram.com/juni.ro/?hl=en,https://www.instagram.com/p/C1l_PpFoinS/?hl=en,"INCALZIREA GLOBALA 
ASA A VRUT DUMNEZEU 
16 GRADE IARNA",Simple,Real,Negative,Tristete,No
Piramida_impresie.JPG,https://www.instagram.com/juni.ro/?hl=en,https://www.instagram.com/p/Czq0yFzItgU/?hl=en,"Și, cum ai de gând să o impresionezi? 
El:",Simple,Real,Negative,Surpriza,No
Recorder_jurnalist.JPG,https://www.instagram.com/juni.ro/?hl=en,https://www.instagram.com/p/Cxs2IPxowuT/?hl=en,"Bună ziua! Mă numesc Alex Nedea și sunt jurnalist la Recorder. 
Om de afaceri cu legături politice 
Aș vrea să vă pun câteva întrebări... 
...legate de contractele firmei dumneavoastră cu statul român.",Combination,Real,Negative,Manie,Yes
Parcarea_laterala.JPG,https://www.instagram.com/juni.ro/?hl=en,https://www.instagram.com/p/CzYWQnzoIt9/?hl=en,"În drum spre parcarea laterală după ce ți-a murit motorul de 12 ori deja 
Examen",Simple,Fake,Negative,Tristete,No
Netflix_Iohanis.JPG,https://www.instagram.com/juni.ro/?hl=en,https://www.instagram.com/p/CssoV_6otFK/?hl=en,"Klaus Iohannis 
43m 
Asta cu 3 euro in plus la Netflix pentru fiecare locuință mi se pare o prostie, sincer! 
20,2K 
7,0K Comments 2,8K Shares 
Like Comment Share",Simple,DeepFake,Negative,Manie,Yes
Guvern_profesori.JPG,https://www.instagram.com/juni.ro/?hl=en,https://www.instagram.com/p/Csv5rwHIPj7/?hl=en,"Da bani la profesori or draw 25 
Guvern",Combination,Real,Negative,Manie,Yes
Masca_este_obligatorie.JPG,https://www.youtube.com/@romeme,https://youtu.be/Fcxe_CA-afw?si=bOn5ExYose-6djlv,"MASCA ESTE OBLIGATORIE! 
ROMÂNII:",Combination,Real,Negative,Tristete,No
Eseu_la_franceza.jpg,https://www.youtube.com/@romeme,https://youtu.be/Fcxe_CA-afw?si=bOn5ExYose-6djlv,"PROFESOARA DE FRANCEZĂ: SCRIEȚI UN ESEU DE 3 PAGINI! 
EU: 
Google Translate 
Ctrl V",Combination,Real,Neutral,Bucurie,No
Prezentarea_&_profesorul.jpg,https://www.youtube.com/@romeme,https://youtu.be/Fcxe_CA-afw?si=bOn5ExYose-6djlv,"TE-AI PREGĂTIT PENTRU PREZENTAREA DE ASTĂZI, AI ÎNVĂȚAT TOTUL ȘI EȘTI GATA PENTRU ABSOLUT ORICE. 
AUZI CĂ PROFESORUL TĂU A MURIT",Combination,Fake,Negative,Surpriza,No
nota_10.jpg,https://www.youtube.com/@romeme,https://youtu.be/Fcxe_CA-afw?si=bOn5ExYose-6djlv,"-Bă frate cum naiba ai primit un 10? Ești corigent mai mereu... 
Eu:",Simple,Real,Neutral,Surpriza,No
Apa_chioara.JPG,https://www.youtube.com/@romeme,https://youtu.be/Fcxe_CA-afw?si=bOn5ExYose-6djlv,APĂ CHIOARĂ,Simple,Fake,Neutral,Surpriza,No
Telefonul_si_jocurile.JPG,https://www.youtube.com/@romeme,https://youtu.be/Fcxe_CA-afw?si=bOn5ExYose-6djlv,"0 - mesaje 0 - apeluri 
10 - mesaje 7 - apeluri",Combination,Real,Negative,Manie,No
Bananele_si_petele_negre.JPG,https://www.youtube.com/@romeme,https://www.youtube.com/watch?v=B6XHXmBTiFk&t=19s ,ȘTII CĂ BANANELE AU ACELE PETE NEGRE PENTRU CĂ ORGANIZEAZĂ LUPTE ILEGALE NOAPTEA?,Simple,Fake,Neutral,Surpriza,No
Youtube.JPG,https://www.youtube.com/@romeme,https://www.youtube.com/watch?v=B6XHXmBTiFk&t=19s ,"YOUTUBE ÎNCĂRCÂND UN VIDEO: 
YOUTUBE ÎNCĂRCÂND O RECLAMĂ:",Combination,Real,Negative,Manie,No
Cum_ma_vede_bunica.JPG,https://www.youtube.com/@romeme,https://www.youtube.com/watch?v=B6XHXmBTiFk&t=19s ,cum arăt versus cum ma vede bunica,Combination,Real,Positive,Dragoste,No
Popcorn.JPG,https://www.youtube.com/@romeme,https://www.youtube.com/watch?v=B6XHXmBTiFk&t=19s ,"ÎNAINTE DE FILM: 
TOT ÎNAINTE DE FILM:",Combination,Real,Neutral,Surpriza,No
Pizza.JPG,https://www.youtube.com/@romeme,https://www.youtube.com/watch?v=B6XHXmBTiFk&t=19s ,"DE AZI SUNT LA DIETĂ, ÎN LOC DE 6 FELII DE PIZZA MĂNÂNC DOAR 3",Combination,Real,Negative,Surpriza,No
GTA_Maramures.JPG,https://www.youtube.com/@romeme,https://www.youtube.com/watch?v=B6XHXmBTiFk&t=19s ,GTA San Maramureș,Simple,Fake,Neutral,Surpriza,No
Frigiderul_noaptea.JPG,https://www.youtube.com/@romeme,https://www.youtube.com/watch?v=B6XHXmBTiFk&t=19s ,"Eu la 3 noaptea 
Frigiderul",Simple,Real,Neutral,Bucurie,No
Groapa.JPG,https://www.youtube.com/@romeme,https://www.youtube.com/watch?v=B6XHXmBTiFk&t=19s ,"ACEL MOMENT CÂND VEZI O GROAPĂ, DAR E PREA TÂRZIU SĂ O MAI EVIȚI:",Combination,Real,Negative,Surpriza,No
Pui_de_somn.JPG,https://www.youtube.com/@romeme,https://www.youtube.com/watch?v=B6XHXmBTiFk&t=19s ,"când ai dormit 20 ore , dar mai tragi un pui de somn repede",Simple,Real,Negative,Bucurie,No
Frigiderul_inteligent.JPG,https://www.youtube.com/@romeme,https://youtu.be/Fcxe_CA-afw?si=bOn5ExYose-6djlv,"PROFESORUL: NU PUTEȚI SĂ FOLOSIȚI TELEFOANELE, CEASURILE INTELIGENTE SAU LAPTOPUI-LE LA TEST. 
EU:",Simple,Real,Neutral,Surpriza,No
10_si_65_min.JPG,https://www.youtube.com/@romeme,https://youtu.be/Fcxe_CA-afw?si=bOn5ExYose-6djlv,"O SĂ MĂ APUC DE ÎNVĂȚAT LA 11. 
CEASUL MEU: 
10:65",Simple,Real,Negative,Surpriza,No
Scoala.JPG,https://www.youtube.com/@romeme,https://youtu.be/Fcxe_CA-afw?si=bOn5ExYose-6djlv,"CUM VĂD PĂRINȚII ȘCOALA:
CUM VĂD COPII ȘCOALA:",Combination,Real,Negative,Frica,No
1609923894392-metrou-drumul-taberei.jpeg,https://www.vice.com/ro/article/k7ann9/cele-mai-tari-meme-romanesti-din-ultimii-10-ani,https://video-images.vice.com/_uncategorized/1609923894392-metrou-drumul-taberei.jpeg,"Munikipiul București - PMkB 
10 septembrie la 18:08 
© Ionuț Oprea 
Urmeaza statia Drumul Taberei cu peronul pe partea stanga",Combination,Real,Positive,Bucurie,No
1609923883557-metrou-cluj.png,https://www.vice.com/ro/article/k7ann9/cele-mai-tari-meme-romanesti-din-ultimii-10-ani,https://video-images.vice.com/_uncategorized/1609923883557-metrou-cluj.png,"Când ajungi prima oară în Cluj 
recorder 
Mai este mult până la metrou?",Simple,Real,Negative,Manie,No
1609923872690-ceausescu-apa-calda.jpeg,https://www.vice.com/ro/article/k7ann9/cele-mai-tari-meme-romanesti-din-ultimii-10-ani,https://video-images.vice.com/_uncategorized/1609923872690-ceausescu-apa-calda.jpeg,"VII ASTĂ-SEARĂ PE LA MINE? 
AM APĂ CALDĂ.",Simple,Real,Negative,Bucurie,Yes
1609923858424-nicusor-dan-apa-calda.jpeg,https://www.vice.com/ro/article/k7ann9/cele-mai-tari-meme-romanesti-din-ultimii-10-ani,https://video-images.vice.com/_uncategorized/1609923858424-nicusor-dan-apa-calda.jpeg,"Azi de dimineață într-un apartament din București 
Hooo, Nicușor!",Simple,DeepFake,Neutral,Surpriza,Yes
1609923836696-gabi-firea-ninsoare.jpeg,https://www.vice.com/ro/article/k7ann9/cele-mai-tari-meme-romanesti-din-ultimii-10-ani,https://video-images.vice.com/_uncategorized/1609923836696-gabi-firea-ninsoare.jpeg,CINE A NINS SĂ STRÂNGĂ,Simple,Real,Negative,Surpriza,Yes
1609923782490-stres-teribil-cpf1.jpeg,https://www.vice.com/ro/article/k7ann9/cele-mai-tari-meme-romanesti-din-ultimii-10-ani,https://video-images.vice.com/_uncategorized/1609923782490-stres-teribil-cpf1.jpeg,"Neamurile, de Sărbători: când te însori, când faci copii? 
Eu: 
Îmi produceți un stres teribil",Simple,Real,Negative,Manie,No
1609923729368-asta-inseamna-sa-fii-mafiot.jpeg,https://www.vice.com/ro/article/k7ann9/cele-mai-tari-meme-romanesti-din-ultimii-10-ani,https://video-images.vice.com/_uncategorized/1609923729368-asta-inseamna-sa-fii-mafiot.jpeg,"ASTA INSEAMNA 
SA FII MAFIOT",Simple,Real,Neutral,Bucurie,No
1609923747709-gigi-becali.png,https://www.vice.com/ro/article/k7ann9/cele-mai-tari-meme-romanesti-din-ultimii-10-ani,https://video-images.vice.com/_uncategorized/1609923747709-gigi-becali.png,"SĂ DAI TREI GOLURI ȘI SĂ IEI BĂTAIE CU 2-0 
ASTA ÎNSEAMNĂ SĂ FII MAFIOT",Simple,Real,Negative,Manie,No
1609923698899-speis.jpeg,https://www.vice.com/ro/article/k7ann9/cele-mai-tari-meme-romanesti-din-ultimii-10-ani,https://video-images.vice.com/_uncategorized/1609923698899-speis.jpeg,"SPEIȘ 
THE FINAL FRONTIER",Simple,Fake,Neutral,Surpriza,No
1609923675667-ce-i-fa-asta.jpeg,https://www.vice.com/ro/article/k7ann9/cele-mai-tari-meme-romanesti-din-ultimii-10-ani,https://video-images.vice.com/_uncategorized/1609923675667-ce-i-fa-asta.jpeg,"CÂND VEZI PRIMELE EXIT POLL-URI 
CE-I, FĂ, ASTA?",Simple,Real,Negative,Manie,Yes
1609923639583-dan-barna2.jpeg,https://www.vice.com/ro/article/k7ann9/cele-mai-tari-meme-romanesti-din-ultimii-10-ani,https://video-images.vice.com/_uncategorized/1609923639583-dan-barna2.jpeg,"CÂND VEZI CĂ S-A STRICAT GOOGLE 
DAR PE TINE NU POT DA VINA",Simple,Real,Negative,Manie,Yes
1609923631214-dan-barna1.jpeg,https://www.vice.com/ro/article/k7ann9/cele-mai-tari-meme-romanesti-din-ultimii-10-ani,https://video-images.vice.com/_uncategorized/1609923631214-dan-barna1.jpeg,"DAN BARNA, CITIND ZIARUL.",Simple,Real,Negative,Surpriza,Yes
1609923617894-ciprian-marica2.jpeg,https://www.vice.com/ro/article/k7ann9/cele-mai-tari-meme-romanesti-din-ultimii-10-ani,https://video-images.vice.com/_uncategorized/1609923617894-ciprian-marica2.jpeg,"Eu și prietena mea în cămin la 12 noaptea, ne certăm cu paznicul @studentnews.info",Simple,Real,Negative,Manie,No
1609923608694-ciprian-marica1.jpeg,https://www.vice.com/ro/article/k7ann9/cele-mai-tari-meme-romanesti-din-ultimii-10-ani,https://video-images.vice.com/_uncategorized/1609923608694-ciprian-marica1.jpeg,"Buna ziua, aveti 2 secunde sa vorbim despre mantuitorul nostru Iisus Hristos?",Simple,Real,Neutral,Surpriza,No
1609923551262-ctp-pisica.jpeg,https://www.vice.com/ro/article/k7ann9/cele-mai-tari-meme-romanesti-din-ultimii-10-ani,https://video-images.vice.com/_uncategorized/1609923551262-ctp-pisica.jpeg,"TU 
PISICA 
bagi bradul în casă
scoți globurile 
împodobști 
termini de împodobit",Combination,Real,Negative,Manie,No
1609923522697-gica-hagi-meme.jpeg,https://www.vice.com/ro/article/k7ann9/cele-mai-tari-meme-romanesti-din-ultimii-10-ani,https://video-images.vice.com/_uncategorized/1609923522697-gica-hagi-meme.jpeg,"CE DACĂ FATA PE CARE O PLACI ARE IUBIT? 
ȘI FOTBALUL ARE PORTAR ȘI TOT DAI GOL...",Simple,Real,Neutral,Surpriza,No
1609923404746-sosoaca.jpeg,https://www.vice.com/ro/article/k7ann9/cele-mai-tari-meme-romanesti-din-ultimii-10-ani,https://video-images.vice.com/_uncategorized/1609923404746-sosoaca.jpeg,"Marian, bine că mi-ai adus telefonul, imbecilul dracului",Simple,Real,Negative,Surpriza,Yes
